#SampleID,BarcodeSequence,LinkerPrimerSequence,BarcodePlate,Well,Sample_Description,Sample_Type,Project,Description,Substrate,Mesh_status,Sample_type,Sample_time
0wsza,AATCAGTCTCGT,CATGATCCTTCTGCAGGTTCACCTAC,1,A1,Dneasy_PowerSoil,genomic_DNA,Marine_Biofilm,0wsza,Water,Water,Biofilm,0
0wszb,AATCCGTACAGC,CATGATCCTTCTGCAGGTTCACCTAC,1,A2,Dneasy_PowerSoil,genomic_DNA,Marine_Biofilm,0wszb,Water,Water,Biofilm,0
10x5x19a,ACGGCCAATCGA,CATGATCCTTCTGCAGGTTCACCTAC,4,E7,Dneasy_PowerSoil,genomic_DNA,PML,10x5x19a,,,PML,
10x5x19b,GTCCAGTAATGC,CATGATCCTTCTGCAGGTTCACCTAC,4,E8,Dneasy_PowerSoil,genomic_DNA,PML,10x5x19b,,,PML,
12x4x19a,TCCGTACCATAA,CATGATCCTTCTGCAGGTTCACCTAC,4,E1,Dneasy_PowerSoil,genomic_DNA,PML,12x4x19a,,,PML,
12x4x19b,CTATACCACGGA,CATGATCCTTCTGCAGGTTCACCTAC,4,F9,Dneasy_PowerSoil,genomic_DNA,PML,12x4x19b,,,PML,
15x3x19a,TCCATAACTAGC,CATGATCCTTCTGCAGGTTCACCTAC,4,E2,Dneasy_PowerSoil,genomic_DNA,PML,15x3x19a,,,PML,
15x3x19b,GTCTCATGTAGG,CATGATCCTTCTGCAGGTTCACCTAC,4,F8,Dneasy_PowerSoil,genomic_DNA,PML,15x3x19b,,,PML,
16x2x19a,GTGTTGCAGCAT,CATGATCCTTCTGCAGGTTCACCTAC,4,F11,Dneasy_PowerSoil,genomic_DNA,PML,16x2x19a,,,PML,
16x2x19b,TAGACTGTACTC,CATGATCCTTCTGCAGGTTCACCTAC,4,F7,Dneasy_PowerSoil,genomic_DNA,PML,16x2x19b,,,PML,
19x1x19a,AGTGTTCGATCG,CATGATCCTTCTGCAGGTTCACCTAC,4,F6,Dneasy_PowerSoil,genomic_DNA,PML,19x1x19a,,,PML,
19x1x19b,GAGTATGCAGCC,CATGATCCTTCTGCAGGTTCACCTAC,4,E4,Dneasy_PowerSoil,genomic_DNA,PML,19x1x19b,,,PML,
1aeza,TACTTCGCTCGC,CATGATCCTTCTGCAGGTTCACCTAC,2,A4,Dneasy_PowerSoil,genomic_DNA,Marine_Biofilm,1aeza,Acryl,Exposed,Biofilm,7
1aezb,GGATGGTGTTGC,CATGATCCTTCTGCAGGTTCACCTAC,1,B9,Dneasy_PowerSoil,genomic_DNA,Marine_Biofilm,1aezb,Acryl,Exposed,Biofilm,7
1aezc,TAGGATTGCTCG,CATGATCCTTCTGCAGGTTCACCTAC,1,B10,Dneasy_PowerSoil,genomic_DNA,Marine_Biofilm,1aezc,Acryl,Exposed,Biofilm,7
1amza,CAGGCGTATTGG,CATGATCCTTCTGCAGGTTCACCTAC,1,B5,Dneasy_PowerSoil,genomic_DNA,Marine_Biofilm,1amza,Acryl,Enclosed,Biofilm,7
1amzb,GGATCGCAGATC,CATGATCCTTCTGCAGGTTCACCTAC,1,B6,Dneasy_PowerSoil,genomic_DNA,Marine_Biofilm,1amzb,Acryl,Enclosed,Biofilm,7
1amzc,GCTGATGAGCTG,CATGATCCTTCTGCAGGTTCACCTAC,1,B7,Dneasy_PowerSoil,genomic_DNA,Marine_Biofilm,1amzc,Acryl,Enclosed,Biofilm,7
1geza,GACTTTCCCTCG,CATGATCCTTCTGCAGGTTCACCTAC,1,C1,Dneasy_PowerSoil,genomic_DNA,Marine_Biofilm,1geza,Glass,Exposed,Biofilm,7
1gezb,ATCCCGAATTTG,CATGATCCTTCTGCAGGTTCACCTAC,1,C2,Dneasy_PowerSoil,genomic_DNA,Marine_Biofilm,1gezb,Glass,Exposed,Biofilm,7
1gezc,GTTGGTCAATCT,CATGATCCTTCTGCAGGTTCACCTAC,1,C3,Dneasy_PowerSoil,genomic_DNA,Marine_Biofilm,1gezc,Glass,Exposed,Biofilm,7
1gmza,ATGTGCACGACT,CATGATCCTTCTGCAGGTTCACCTAC,1,B11,Dneasy_PowerSoil,genomic_DNA,Marine_Biofilm,1gmza,Glass,Enclosed,Biofilm,7
1gmzb,ACGCGCAGATAC,CATGATCCTTCTGCAGGTTCACCTAC,1,B12,Dneasy_PowerSoil,genomic_DNA,Marine_Biofilm,1gmzb,Glass,Enclosed,Biofilm,7
1gmzc,GGCTGTATGGGT,CATGATCCTTCTGCAGGTTCACCTAC,4,A7,Dneasy_PowerSoil,genomic_DNA,Marine_Biofilm,1gmzc,Glass,Enclosed,Biofilm,7
1peza,TACACGATCTAC,CATGATCCTTCTGCAGGTTCACCTAC,1,B2,Dneasy_PowerSoil,genomic_DNA,Marine_Biofilm,1peza,Pine,Exposed,Biofilm,7
1pezb,GCACACACGTTA,CATGATCCTTCTGCAGGTTCACCTAC,1,B3,Dneasy_PowerSoil,genomic_DNA,Marine_Biofilm,1pezb,Pine,Exposed,Biofilm,7
1pezc,CACGCCATAATG,CATGATCCTTCTGCAGGTTCACCTAC,1,B4,Dneasy_PowerSoil,genomic_DNA,Marine_Biofilm,1pezc,Pine,Exposed,Biofilm,7
1pmza,CCTCGTTCGACT,CATGATCCTTCTGCAGGTTCACCTAC,1,A11,Dneasy_PowerSoil,genomic_DNA,Marine_Biofilm,1pmza,Pine,Enclosed,Biofilm,7
1pmzb,TGAGTCACTGGT,CATGATCCTTCTGCAGGTTCACCTAC,1,A12,Dneasy_PowerSoil,genomic_DNA,Marine_Biofilm,1pmzb,Pine,Enclosed,Biofilm,7
1pmzc,GACTTGGTATTC,CATGATCCTTCTGCAGGTTCACCTAC,1,B1,Dneasy_PowerSoil,genomic_DNA,Marine_Biofilm,1pmzc,Pine,Enclosed,Biofilm,7
1teza,TTACTGTGCGAT,CATGATCCTTCTGCAGGTTCACCTAC,1,A5,Dneasy_PowerSoil,genomic_DNA,Marine_Biofilm,1teza,Tile,Exposed,Biofilm,7
1tezb,AGGCTACACGAC,CATGATCCTTCTGCAGGTTCACCTAC,1,A6,Dneasy_PowerSoil,genomic_DNA,Marine_Biofilm,1tezb,Tile,Exposed,Biofilm,7
1tezc,CTAACCTCCGCT,CATGATCCTTCTGCAGGTTCACCTAC,1,A7,Dneasy_PowerSoil,genomic_DNA,Marine_Biofilm,1tezc,Tile,Exposed,Biofilm,7
1tmza,GTATGCGCTGTA,CATGATCCTTCTGCAGGTTCACCTAC,1,A8,Dneasy_PowerSoil,genomic_DNA,Marine_Biofilm,1tmza,Tile,Enclosed,Biofilm,7
1tmzb,TCCGACACAATT,CATGATCCTTCTGCAGGTTCACCTAC,1,A9,Dneasy_PowerSoil,genomic_DNA,Marine_Biofilm,1tmzb,Tile,Enclosed,Biofilm,7
1tmzc,CCAGTGTATGCA,CATGATCCTTCTGCAGGTTCACCTAC,1,A10,Dneasy_PowerSoil,genomic_DNA,Marine_Biofilm,1tmzc,Tile,Enclosed,Biofilm,7
1wsza,ACACCTGGTGAT,CATGATCCTTCTGCAGGTTCACCTAC,1,A3,Dneasy_PowerSoil,genomic_DNA,Marine_Biofilm,1wsza,Water,Water,Biofilm,7
1wszb,TATCGTTGACCA,CATGATCCTTCTGCAGGTTCACCTAC,1,A4,Dneasy_PowerSoil,genomic_DNA,Marine_Biofilm,1wszb,Water,Water,Biofilm,7
21x12x18a,AATTAGGCAGAG,CATGATCCTTCTGCAGGTTCACCTAC,4,D9,Dneasy_PowerSoil,genomic_DNA,PML,21x12x18a,,,PML,
21x12x18b,TAATGGAGGAAC,CATGATCCTTCTGCAGGTTCACCTAC,4,F3,Dneasy_PowerSoil,genomic_DNA,PML,21x12x18b,,,PML,
21x6x19a,ATACACGTGGCG,CATGATCCTTCTGCAGGTTCACCTAC,4,E12,Dneasy_PowerSoil,genomic_DNA,PML,21x6x19a,,,PML,
21x6x19b,CCTAAGCACATG,CATGATCCTTCTGCAGGTTCACCTAC,4,F2,Dneasy_PowerSoil,genomic_DNA,PML,21x6x19b,,,PML,
24x5x19a,GAAAGGACAGGT,CATGATCCTTCTGCAGGTTCACCTAC,4,F4,Dneasy_PowerSoil,genomic_DNA,PML,24x5x19a,,,PML,
24x5x19b,TATGTGGCCCAA,CATGATCCTTCTGCAGGTTCACCTAC,4,E9,Dneasy_PowerSoil,genomic_DNA,PML,24x5x19b,,,PML,
27x4x19a,ACGTGCCGTAGA,CATGATCCTTCTGCAGGTTCACCTAC,4,F10,Dneasy_PowerSoil,genomic_DNA,PML,27x4x19a,,,PML,
27x4x19b,CCTCCATGAGAA,CATGATCCTTCTGCAGGTTCACCTAC,4,F12,Dneasy_PowerSoil,genomic_DNA,PML,27x4x19b,,,PML,
29x3x19a,GGTACATCGGTT,CATGATCCTTCTGCAGGTTCACCTAC,4,E6,Dneasy_PowerSoil,genomic_DNA,PML,29x3x19a,,,PML,
29x3x19b,GCACTTTACCAA,CATGATCCTTCTGCAGGTTCACCTAC,4,E5,Dneasy_PowerSoil,genomic_DNA,PML,29x3x19b,,,PML,
2aeza,GTCTAATTCCGA,CATGATCCTTCTGCAGGTTCACCTAC,1,D6,Dneasy_PowerSoil,genomic_DNA,Marine_Biofilm,2aeza,Acryl,Exposed,Biofilm,14
2aezb,TCCGAATTCACA,CATGATCCTTCTGCAGGTTCACCTAC,1,D7,Dneasy_PowerSoil,genomic_DNA,Marine_Biofilm,2aezb,Acryl,Exposed,Biofilm,14
2aezc,ACGCCACGAATG,CATGATCCTTCTGCAGGTTCACCTAC,1,D8,Dneasy_PowerSoil,genomic_DNA,Marine_Biofilm,2aezc,Acryl,Exposed,Biofilm,14
2amza,ACGTGTACCCAA,CATGATCCTTCTGCAGGTTCACCTAC,1,D3,Dneasy_PowerSoil,genomic_DNA,Marine_Biofilm,2amza,Acryl,Enclosed,Biofilm,14
2amzb,AAGGAGCGCCTT,CATGATCCTTCTGCAGGTTCACCTAC,1,D4,Dneasy_PowerSoil,genomic_DNA,Marine_Biofilm,2amzb,Acryl,Enclosed,Biofilm,14
2amzc,CGATCCGTATTA,CATGATCCTTCTGCAGGTTCACCTAC,1,D5,Dneasy_PowerSoil,genomic_DNA,Marine_Biofilm,2amzc,Acryl,Enclosed,Biofilm,14
2geza,GACAGGAGATAG,CATGATCCTTCTGCAGGTTCACCTAC,1,D12,Dneasy_PowerSoil,genomic_DNA,Marine_Biofilm,2geza,Glass,Exposed,Biofilm,14
2gezb,CTTACACCAAGT,CATGATCCTTCTGCAGGTTCACCTAC,2,A6,Dneasy_PowerSoil,genomic_DNA,Marine_Biofilm,2gezb,Glass,Exposed,Biofilm,14
2gezc,GAGGCTCATCAT,CATGATCCTTCTGCAGGTTCACCTAC,1,E2,Dneasy_PowerSoil,genomic_DNA,Marine_Biofilm,2gezc,Glass,Exposed,Biofilm,14
2gmza,GGCCACGTAGTA,CATGATCCTTCTGCAGGTTCACCTAC,1,D9,Dneasy_PowerSoil,genomic_DNA,Marine_Biofilm,2gmza,Glass,Enclosed,Biofilm,14
2gmzb,TAGGAACTGGCC,CATGATCCTTCTGCAGGTTCACCTAC,1,D10,Dneasy_PowerSoil,genomic_DNA,Marine_Biofilm,2gmzb,Glass,Enclosed,Biofilm,14
2gmzc,CTAGCGAACATC,CATGATCCTTCTGCAGGTTCACCTAC,1,D11,Dneasy_PowerSoil,genomic_DNA,Marine_Biofilm,2gmzc,Glass,Enclosed,Biofilm,14
2peza,TCTTAACGACTG,CATGATCCTTCTGCAGGTTCACCTAC,4,A9,Dneasy_PowerSoil,genomic_DNA,Marine_Biofilm,2peza,Pine,Exposed,Biofilm,14
2pezb,TCCAAAGTGTTC,CATGATCCTTCTGCAGGTTCACCTAC,1,D1,Dneasy_PowerSoil,genomic_DNA,Marine_Biofilm,2pezb,Pine,Exposed,Biofilm,14
2pezc,TACAGATGGCTC,CATGATCCTTCTGCAGGTTCACCTAC,1,D2,Dneasy_PowerSoil,genomic_DNA,Marine_Biofilm,2pezc,Pine,Exposed,Biofilm,14
2pmza,CGGAGCTATGGT,CATGATCCTTCTGCAGGTTCACCTAC,1,C11,Dneasy_PowerSoil,genomic_DNA,Marine_Biofilm,2pmza,Pine,Enclosed,Biofilm,14
2pmzb,ATGCGTAGTGCG,CATGATCCTTCTGCAGGTTCACCTAC,4,A8,Dneasy_PowerSoil,genomic_DNA,Marine_Biofilm,2pmzb,Pine,Enclosed,Biofilm,14
2pmzc,AAGAGATGTCGA,CATGATCCTTCTGCAGGTTCACCTAC,1,C12,Dneasy_PowerSoil,genomic_DNA,Marine_Biofilm,2pmzc,Pine,Enclosed,Biofilm,14
2teza,CAGTGCATATGC,CATGATCCTTCTGCAGGTTCACCTAC,1,C5,Dneasy_PowerSoil,genomic_DNA,Marine_Biofilm,2teza,Tile,Exposed,Biofilm,14
2tezb,TCACGGGAGTTG,CATGATCCTTCTGCAGGTTCACCTAC,1,C6,Dneasy_PowerSoil,genomic_DNA,Marine_Biofilm,2tezb,Tile,Exposed,Biofilm,14
2tezc,CTGCTAACGCAA,CATGATCCTTCTGCAGGTTCACCTAC,1,C7,Dneasy_PowerSoil,genomic_DNA,Marine_Biofilm,2tezc,Tile,Exposed,Biofilm,14
2tmza,TTAGGGCTCGTA,CATGATCCTTCTGCAGGTTCACCTAC,1,C8,Dneasy_PowerSoil,genomic_DNA,Marine_Biofilm,2tmza,Tile,Enclosed,Biofilm,14
2tmzb,TCTAGCGTAGTG,CATGATCCTTCTGCAGGTTCACCTAC,1,C9,Dneasy_PowerSoil,genomic_DNA,Marine_Biofilm,2tmzb,Tile,Enclosed,Biofilm,14
2tmzc,TCGAGGACTGCA,CATGATCCTTCTGCAGGTTCACCTAC,1,C10,Dneasy_PowerSoil,genomic_DNA,Marine_Biofilm,2tmzc,Tile,Enclosed,Biofilm,14
2wsza,TAGCTCGTAACT,CATGATCCTTCTGCAGGTTCACCTAC,1,C4,Dneasy_PowerSoil,genomic_DNA,Marine_Biofilm,2wsza,Water,Water,Biofilm,14
2wszb,CATCGGTCAAGG,CATGATCCTTCTGCAGGTTCACCTAC,3,D12,Dneasy_PowerSoil,genomic_DNA,Marine_Biofilm,2wszb,Water,Water,Biofilm,14
2x2x19a,ATATTCCCAGGT,CATGATCCTTCTGCAGGTTCACCTAC,4,D8,Dneasy_PowerSoil,genomic_DNA,PML,2x2x19a,,,PML,
2x2x19b,CTGGTTAATCTG,CATGATCCTTCTGCAGGTTCACCTAC,4,E3,Dneasy_PowerSoil,genomic_DNA,PML,2x2x19b,,,PML,
2x3x19a,GGTGGAATAGAG,CATGATCCTTCTGCAGGTTCACCTAC,4,D11,Dneasy_PowerSoil,genomic_DNA,PML,2x3x19a,,,PML,
2x3x19b,GACTCACTCAAT,CATGATCCTTCTGCAGGTTCACCTAC,4,D12,Dneasy_PowerSoil,genomic_DNA,PML,2x3x19b,,,PML,
3aeza,GAAGTTGGAAGT,CATGATCCTTCTGCAGGTTCACCTAC,1,F2,Dneasy_PowerSoil,genomic_DNA,Marine_Biofilm,3aeza,Acryl,Exposed,Biofilm,19
3aezb,TTCCTAGGTGAG,CATGATCCTTCTGCAGGTTCACCTAC,1,F3,Dneasy_PowerSoil,genomic_DNA,Marine_Biofilm,3aezb,Acryl,Exposed,Biofilm,19
3aezc,GCACGACAACAC,CATGATCCTTCTGCAGGTTCACCTAC,1,F4,Dneasy_PowerSoil,genomic_DNA,Marine_Biofilm,3aezc,Acryl,Exposed,Biofilm,19
3amza,ACACGTAAGCCT,CATGATCCTTCTGCAGGTTCACCTAC,1,E12,Dneasy_PowerSoil,genomic_DNA,Marine_Biofilm,3amza,Acryl,Enclosed,Biofilm,19
3amzb,GAGTGGTAGAGA,CATGATCCTTCTGCAGGTTCACCTAC,1,F1,Dneasy_PowerSoil,genomic_DNA,Marine_Biofilm,3amzb,Acryl,Enclosed,Biofilm,19
3geza,CCTACTGTGCCT,CATGATCCTTCTGCAGGTTCACCTAC,4,B1,Dneasy_PowerSoil,genomic_DNA,Marine_Biofilm,3geza,Glass,Exposed,Biofilm,19
3gezb,GAACTAGTCACC,CATGATCCTTCTGCAGGTTCACCTAC,1,F9,Dneasy_PowerSoil,genomic_DNA,Marine_Biofilm,3gezb,Glass,Exposed,Biofilm,19
3gezc,GACGGAACCCAT,CATGATCCTTCTGCAGGTTCACCTAC,1,F10,Dneasy_PowerSoil,genomic_DNA,Marine_Biofilm,3gezc,Glass,Exposed,Biofilm,19
3gmza,ATCGATCTGTGG,CATGATCCTTCTGCAGGTTCACCTAC,1,F5,Dneasy_PowerSoil,genomic_DNA,Marine_Biofilm,3gmza,Glass,Enclosed,Biofilm,19
3gmzb,CTTGTGTCGATA,CATGATCCTTCTGCAGGTTCACCTAC,1,F6,Dneasy_PowerSoil,genomic_DNA,Marine_Biofilm,3gmzb,Glass,Enclosed,Biofilm,19
3gmzc,TGAGCCGGAATC,CATGATCCTTCTGCAGGTTCACCTAC,1,F7,Dneasy_PowerSoil,genomic_DNA,Marine_Biofilm,3gmzc,Glass,Enclosed,Biofilm,19
3gmzd,GCGGCAATTACG,CATGATCCTTCTGCAGGTTCACCTAC,1,F8,Dneasy_PowerSoil,genomic_DNA,Marine_Biofilm,3gmzd,Glass,Enclosed,Biofilm,19
3meza,ACGTAAATCGCC,CATGATCCTTCTGCAGGTTCACCTAC,4,A5,Dneasy_PowerSoil,genomic_DNA,Marine_Biofilm,3meza,Mesh,Water,Biofilm,19
3mezb,GGATGTAAGTAG,CATGATCCTTCTGCAGGTTCACCTAC,4,B2,Dneasy_PowerSoil,genomic_DNA,Marine_Biofilm,3mezb,Mesh,Water,Biofilm,19
3mezc,AGTTAGTGCGTC,CATGATCCTTCTGCAGGTTCACCTAC,4,A4,Dneasy_PowerSoil,genomic_DNA,Marine_Biofilm,3mezc,Mesh,Water,Biofilm,19
3peza,CGATAACATGCC,CATGATCCTTCTGCAGGTTCACCTAC,4,A12,Dneasy_PowerSoil,genomic_DNA,Marine_Biofilm,3peza,Pine,Exposed,Biofilm,19
3pezb,AGCTATCCACGA,CATGATCCTTCTGCAGGTTCACCTAC,4,A3,Dneasy_PowerSoil,genomic_DNA,Marine_Biofilm,3pezb,Pine,Exposed,Biofilm,19
3pezc,CTGGAAATCTGC,CATGATCCTTCTGCAGGTTCACCTAC,3,D3,Dneasy_PowerSoil,genomic_DNA,Marine_Biofilm,3pezc,Pine,Exposed,Biofilm,19
3pmza,AGGCTTTCGTAG,CATGATCCTTCTGCAGGTTCACCTAC,4,A10,Dneasy_PowerSoil,genomic_DNA,Marine_Biofilm,3pmza,Pine,Enclosed,Biofilm,19
3pmzb,GAATCTTCGAGC,CATGATCCTTCTGCAGGTTCACCTAC,1,E11,Dneasy_PowerSoil,genomic_DNA,Marine_Biofilm,3pmzb,Pine,Enclosed,Biofilm,19
3pmzc,CTCGGCAATTAT,CATGATCCTTCTGCAGGTTCACCTAC,4,A11,Dneasy_PowerSoil,genomic_DNA,Marine_Biofilm,3pmzc,Pine,Enclosed,Biofilm,19
3teza,CTATTTGCGACA,CATGATCCTTCTGCAGGTTCACCTAC,1,E4,Dneasy_PowerSoil,genomic_DNA,Marine_Biofilm,3teza,Tile,Exposed,Biofilm,19
3tezb,AGTAGAGGGATG,CATGATCCTTCTGCAGGTTCACCTAC,1,E5,Dneasy_PowerSoil,genomic_DNA,Marine_Biofilm,3tezb,Tile,Exposed,Biofilm,19
3tezc,CGCAGCGGTATA,CATGATCCTTCTGCAGGTTCACCTAC,1,E6,Dneasy_PowerSoil,genomic_DNA,Marine_Biofilm,3tezc,Tile,Exposed,Biofilm,19
3tmza,AATGCCTCAACT,CATGATCCTTCTGCAGGTTCACCTAC,1,E7,Dneasy_PowerSoil,genomic_DNA,Marine_Biofilm,3tmza,Tile,Enclosed,Biofilm,19
3tmzb,GGTGTCTATTGT,CATGATCCTTCTGCAGGTTCACCTAC,1,E8,Dneasy_PowerSoil,genomic_DNA,Marine_Biofilm,3tmzb,Tile,Enclosed,Biofilm,19
3tmzc,GTCAATTGACCG,CATGATCCTTCTGCAGGTTCACCTAC,1,E9,Dneasy_PowerSoil,genomic_DNA,Marine_Biofilm,3tmzc,Tile,Enclosed,Biofilm,19
3tmzd,ATGAGACTCCAC,CATGATCCTTCTGCAGGTTCACCTAC,1,E10,Dneasy_PowerSoil,genomic_DNA,Marine_Biofilm,3tmzd,Tile,Enclosed,Biofilm,19
3wsza,TTAGGTGCAGCT,CATGATCCTTCTGCAGGTTCACCTAC,3,D11,Dneasy_PowerSoil,genomic_DNA,Marine_Biofilm,3wsza,Water,Water,Biofilm,19
3wszb,TCCTCTGTCGAC,CATGATCCTTCTGCAGGTTCACCTAC,1,E3,Dneasy_PowerSoil,genomic_DNA,Marine_Biofilm,3wszb,Water,Water,Biofilm,19
4aeza,AGGCATCTTACG,CATGATCCTTCTGCAGGTTCACCTAC,1,G9,Dneasy_PowerSoil,genomic_DNA,Marine_Biofilm,4aeza,Acryl,Exposed,Biofilm,28
4aezb,CAGCTAGAACGC,CATGATCCTTCTGCAGGTTCACCTAC,1,G10,Dneasy_PowerSoil,genomic_DNA,Marine_Biofilm,4aezb,Acryl,Exposed,Biofilm,28
4aezc,TCCCAGAACAAC,CATGATCCTTCTGCAGGTTCACCTAC,1,G11,Dneasy_PowerSoil,genomic_DNA,Marine_Biofilm,4aezc,Acryl,Exposed,Biofilm,28
4amza,ACTGACAGCCAT,CATGATCCTTCTGCAGGTTCACCTAC,1,G7,Dneasy_PowerSoil,genomic_DNA,Marine_Biofilm,4amza,Acryl,Enclosed,Biofilm,28
4amzb,CGAGAAGAGAAC,CATGATCCTTCTGCAGGTTCACCTAC,1,G8,Dneasy_PowerSoil,genomic_DNA,Marine_Biofilm,4amzb,Acryl,Enclosed,Biofilm,28
4amzc,TGATTTGGACCT,CATGATCCTTCTGCAGGTTCACCTAC,3,D8,Dneasy_PowerSoil,genomic_DNA,Marine_Biofilm,4amzc,Acryl,Enclosed,Biofilm,28
4geza,CAGCGGTGACAT,CATGATCCTTCTGCAGGTTCACCTAC,1,H3,Dneasy_PowerSoil,genomic_DNA,Marine_Biofilm,4geza,Glass,Exposed,Biofilm,28
4gezb,ATCGGCGTTACA,CATGATCCTTCTGCAGGTTCACCTAC,1,H4,Dneasy_PowerSoil,genomic_DNA,Marine_Biofilm,4gezb,Glass,Exposed,Biofilm,28
4gezc,CACATGCCTAAG,CATGATCCTTCTGCAGGTTCACCTAC,3,E5,Dneasy_PowerSoil,genomic_DNA,Marine_Biofilm,4gezc,Glass,Exposed,Biofilm,28
4gmza,AGCTGGAAGTCC,CATGATCCTTCTGCAGGTTCACCTAC,1,G12,Dneasy_PowerSoil,genomic_DNA,Marine_Biofilm,4gmza,Glass,Enclosed,Biofilm,28
4gmzb,TGCGCTTGGATA,CATGATCCTTCTGCAGGTTCACCTAC,4,B6,Dneasy_PowerSoil,genomic_DNA,Marine_Biofilm,4gmzb,Glass,Enclosed,Biofilm,28
4gmzc,ACAAGGAGGTGA,CATGATCCTTCTGCAGGTTCACCTAC,2,A8,Dneasy_PowerSoil,genomic_DNA,Marine_Biofilm,4gmzc,Glass,Enclosed,Biofilm,28
4gmzd,GAGGAATAGCAG,CATGATCCTTCTGCAGGTTCACCTAC,1,H2,Dneasy_PowerSoil,genomic_DNA,Marine_Biofilm,4gmzd,Glass,Enclosed,Biofilm,28
4meza,GATCTTCAGTAC,CATGATCCTTCTGCAGGTTCACCTAC,4,B7,Dneasy_PowerSoil,genomic_DNA,Marine_Biofilm,4meza,Mesh,Water,Biofilm,28
4mezb,CATATCGCAGTT,CATGATCCTTCTGCAGGTTCACCTAC,4,B8,Dneasy_PowerSoil,genomic_DNA,Marine_Biofilm,4mezb,Mesh,Water,Biofilm,28
4mezc,ATGAGTTGGAAG,CATGATCCTTCTGCAGGTTCACCTAC,4,B9,Dneasy_PowerSoil,genomic_DNA,Marine_Biofilm,4mezc,Mesh,Water,Biofilm,28
4peza,TGATCAGAAGAG,CATGATCCTTCTGCAGGTTCACCTAC,4,B3,Dneasy_PowerSoil,genomic_DNA,Marine_Biofilm,4peza,Pine,Exposed,Biofilm,28
4pezb,CGTGGTTAGCAT,CATGATCCTTCTGCAGGTTCACCTAC,4,B4,Dneasy_PowerSoil,genomic_DNA,Marine_Biofilm,4pezb,Pine,Exposed,Biofilm,28
4pezc,GCCGAGATTGGT,CATGATCCTTCTGCAGGTTCACCTAC,4,B5,Dneasy_PowerSoil,genomic_DNA,Marine_Biofilm,4pezc,Pine,Exposed,Biofilm,28
4pmza,CACGAGGTCATT,CATGATCCTTCTGCAGGTTCACCTAC,3,E4,Dneasy_PowerSoil,genomic_DNA,Marine_Biofilm,4pmza,Pine,Enclosed,Biofilm,28
4pmzb,AGAACACGTCTC,CATGATCCTTCTGCAGGTTCACCTAC,3,D5,Dneasy_PowerSoil,genomic_DNA,Marine_Biofilm,4pmzb,Pine,Enclosed,Biofilm,28
4pmzc,ACATTCAGCGCA,CATGATCCTTCTGCAGGTTCACCTAC,1,G6,Dneasy_PowerSoil,genomic_DNA,Marine_Biofilm,4pmzc,Pine,Enclosed,Biofilm,28
4teza,TAAGGCCTATCG,CATGATCCTTCTGCAGGTTCACCTAC,3,E3,Dneasy_PowerSoil,genomic_DNA,Marine_Biofilm,4teza,Tile,Exposed,Biofilm,28
4tezb,CTTCGGCAGAAT,CATGATCCTTCTGCAGGTTCACCTAC,1,G1,Dneasy_PowerSoil,genomic_DNA,Marine_Biofilm,4tezb,Tile,Exposed,Biofilm,28
4tezc,ACGGGACATGCT,CATGATCCTTCTGCAGGTTCACCTAC,1,G2,Dneasy_PowerSoil,genomic_DNA,Marine_Biofilm,4tezc,Tile,Exposed,Biofilm,28
4tmza,GTCATATCGTAC,CATGATCCTTCTGCAGGTTCACCTAC,1,G3,Dneasy_PowerSoil,genomic_DNA,Marine_Biofilm,4tmza,Tile,Enclosed,Biofilm,28
4tmzb,GGAAACCACCAC,CATGATCCTTCTGCAGGTTCACCTAC,1,G4,Dneasy_PowerSoil,genomic_DNA,Marine_Biofilm,4tmzb,Tile,Enclosed,Biofilm,28
4tmzc,TTGCGCATACTA,CATGATCCTTCTGCAGGTTCACCTAC,1,G5,Dneasy_PowerSoil,genomic_DNA,Marine_Biofilm,4tmzc,Tile,Enclosed,Biofilm,28
4wsza,CAAGCATGCCTA,CATGATCCTTCTGCAGGTTCACCTAC,1,F11,Dneasy_PowerSoil,genomic_DNA,Marine_Biofilm,4wsza,Water,Water,Biofilm,28
4wszb,CCTGAACTAGTT,CATGATCCTTCTGCAGGTTCACCTAC,1,F12,Dneasy_PowerSoil,genomic_DNA,Marine_Biofilm,4wszb,Water,Water,Biofilm,28
5aeza,ACCGGCTAGAGT,CATGATCCTTCTGCAGGTTCACCTAC,3,E2,Dneasy_PowerSoil,genomic_DNA,Marine_Biofilm,5aeza,Acryl,Exposed,Biofilm,42
5aezb,TACGTAGTTTCG,CATGATCCTTCTGCAGGTTCACCTAC,4,C2,Dneasy_PowerSoil,genomic_DNA,Marine_Biofilm,5aezb,Acryl,Exposed,Biofilm,42
5aezc,TTGCTGGTCCTC,CATGATCCTTCTGCAGGTTCACCTAC,4,C3,Dneasy_PowerSoil,genomic_DNA,Marine_Biofilm,5aezc,Acryl,Exposed,Biofilm,42
5amza,AATACCGCTTTG,CATGATCCTTCTGCAGGTTCACCTAC,4,C1,Dneasy_PowerSoil,genomic_DNA,Marine_Biofilm,5amza,Acryl,Enclosed,Biofilm,42
5amzb,ATTGGGCTAGGC,CATGATCCTTCTGCAGGTTCACCTAC,1,H12,Dneasy_PowerSoil,genomic_DNA,Marine_Biofilm,5amzb,Acryl,Enclosed,Biofilm,42
5geza,TAAAGTCACCCT,CATGATCCTTCTGCAGGTTCACCTAC,3,A4,Dneasy_PowerSoil,genomic_DNA,Marine_Biofilm,5geza,Glass,Exposed,Biofilm,42
5gezb,TCGCATGAAGTC,CATGATCCTTCTGCAGGTTCACCTAC,3,A5,Dneasy_PowerSoil,genomic_DNA,Marine_Biofilm,5gezb,Glass,Exposed,Biofilm,42
5gezc,GACTGATCATCT,CATGATCCTTCTGCAGGTTCACCTAC,3,D4,Dneasy_PowerSoil,genomic_DNA,Marine_Biofilm,5gezc,Glass,Exposed,Biofilm,42
5gmza,CGTTTAGAGTCG,CATGATCCTTCTGCAGGTTCACCTAC,3,A1,Dneasy_PowerSoil,genomic_DNA,Marine_Biofilm,5gmza,Glass,Enclosed,Biofilm,42
5gmzb,CTTGCTGAAGAC,CATGATCCTTCTGCAGGTTCACCTAC,3,A2,Dneasy_PowerSoil,genomic_DNA,Marine_Biofilm,5gmzb,Glass,Enclosed,Biofilm,42
5gmzc,GTGCCGGTGATA,CATGATCCTTCTGCAGGTTCACCTAC,3,D6,Dneasy_PowerSoil,genomic_DNA,Marine_Biofilm,5gmzc,Glass,Enclosed,Biofilm,42
5gmzd,GGAGGTTATCCG,CATGATCCTTCTGCAGGTTCACCTAC,3,A3,Dneasy_PowerSoil,genomic_DNA,Marine_Biofilm,5gmzd,Glass,Enclosed,Biofilm,42
5meza,CGACATGCTATT,CATGATCCTTCTGCAGGTTCACCTAC,4,C4,Dneasy_PowerSoil,genomic_DNA,Marine_Biofilm,5meza,Mesh,Water,Biofilm,42
5mezb,TTGCAGACAGGC,CATGATCCTTCTGCAGGTTCACCTAC,3,A6,Dneasy_PowerSoil,genomic_DNA,Marine_Biofilm,5mezb,Mesh,Water,Biofilm,42
5mezc,GAGGCCATCAGT,CATGATCCTTCTGCAGGTTCACCTAC,3,A7,Dneasy_PowerSoil,genomic_DNA,Marine_Biofilm,5mezc,Mesh,Water,Biofilm,42
5peza,TGCTGCTTAACA,CATGATCCTTCTGCAGGTTCACCTAC,4,B12,Dneasy_PowerSoil,genomic_DNA,Marine_Biofilm,5peza,Pine,Exposed,Biofilm,42
5pezb,TGTTATCGCACA,CATGATCCTTCTGCAGGTTCACCTAC,1,H10,Dneasy_PowerSoil,genomic_DNA,Marine_Biofilm,5pezb,Pine,Exposed,Biofilm,42
5pezc,TCGTCGATAATC,CATGATCCTTCTGCAGGTTCACCTAC,1,H11,Dneasy_PowerSoil,genomic_DNA,Marine_Biofilm,5pezc,Pine,Exposed,Biofilm,42
5pmza,AGCGATGCCTTA,CATGATCCTTCTGCAGGTTCACCTAC,4,A6,Dneasy_PowerSoil,genomic_DNA,Marine_Biofilm,5pmza,Pine,Enclosed,Biofilm,42
5pmzb,GAAGAAGCGGTA,CATGATCCTTCTGCAGGTTCACCTAC,1,H9,Dneasy_PowerSoil,genomic_DNA,Marine_Biofilm,5pmzb,Pine,Enclosed,Biofilm,42
5pmzc,GGTGAAGATACA,CATGATCCTTCTGCAGGTTCACCTAC,4,A1,Dneasy_PowerSoil,genomic_DNA,Marine_Biofilm,5pmzc,Pine,Enclosed,Biofilm,42
5pmzd,CGGCGATGTACA,CATGATCCTTCTGCAGGTTCACCTAC,4,B11,Dneasy_PowerSoil,genomic_DNA,Marine_Biofilm,5pmzd,Pine,Enclosed,Biofilm,42
5teza,CCACCTACTCCA,CATGATCCTTCTGCAGGTTCACCTAC,1,H6,Dneasy_PowerSoil,genomic_DNA,Marine_Biofilm,5teza,Tile,Exposed,Biofilm,42
5tezb,ATAGGCGATCTC,CATGATCCTTCTGCAGGTTCACCTAC,4,B10,Dneasy_PowerSoil,genomic_DNA,Marine_Biofilm,5tezb,Tile,Exposed,Biofilm,42
5tezc,GAATAGAGCCAA,CATGATCCTTCTGCAGGTTCACCTAC,1,H7,Dneasy_PowerSoil,genomic_DNA,Marine_Biofilm,5tezc,Tile,Exposed,Biofilm,42
5tmza,TGTGAGCACGGT,CATGATCCTTCTGCAGGTTCACCTAC,3,D9,Dneasy_PowerSoil,genomic_DNA,Marine_Biofilm,5tmza,Tile,Enclosed,Biofilm,42
5tmzb,GTACGTGGGATC,CATGATCCTTCTGCAGGTTCACCTAC,1,H8,Dneasy_PowerSoil,genomic_DNA,Marine_Biofilm,5tmzb,Tile,Enclosed,Biofilm,42
5wsza,AGATGTTCTGCT,CATGATCCTTCTGCAGGTTCACCTAC,1,H5,Dneasy_PowerSoil,genomic_DNA,Marine_Biofilm,5wsza,Water,Water,Biofilm,42
5wszb,TGAGGATGATAG,CATGATCCTTCTGCAGGTTCACCTAC,3,E1,Dneasy_PowerSoil,genomic_DNA,Marine_Biofilm,5wszb,Water,Water,Biofilm,42
5x7x19a,AACCTCGTCAAG,CATGATCCTTCTGCAGGTTCACCTAC,4,D7,Dneasy_PowerSoil,genomic_DNA,PML,5x7x19a,,,PML,
5x7x19b,TGACTTTGTGTG,CATGATCCTTCTGCAGGTTCACCTAC,4,E10,Dneasy_PowerSoil,genomic_DNA,PML,5x7x19b,,,PML,
6aeza,TAGAACTCACCT,CATGATCCTTCTGCAGGTTCACCTAC,3,C8,Dneasy_PowerSoil,genomic_DNA,Marine_Biofilm,6aeza,Acryl,Exposed,Biofilm,56
6aezb,AGATAGGACAGG,CATGATCCTTCTGCAGGTTCACCTAC,3,C9,Dneasy_PowerSoil,genomic_DNA,Marine_Biofilm,6aezb,Acryl,Exposed,Biofilm,56
6amza,ATTATACCTCGG,CATGATCCTTCTGCAGGTTCACCTAC,3,C5,Dneasy_PowerSoil,genomic_DNA,Marine_Biofilm,6amza,Acryl,Enclosed,Biofilm,56
6amzb,GCTAATTACGCT,CATGATCCTTCTGCAGGTTCACCTAC,3,C6,Dneasy_PowerSoil,genomic_DNA,Marine_Biofilm,6amzb,Acryl,Enclosed,Biofilm,56
6amzc,GTCATTCACGAG,CATGATCCTTCTGCAGGTTCACCTAC,3,C7,Dneasy_PowerSoil,genomic_DNA,Marine_Biofilm,6amzc,Acryl,Enclosed,Biofilm,56
6amzd,ATCTCTGGCATA,CATGATCCTTCTGCAGGTTCACCTAC,3,D7,Dneasy_PowerSoil,genomic_DNA,Marine_Biofilm,6amzd,Acryl,Enclosed,Biofilm,56
6gmza,GCGTGTTAAACC,CATGATCCTTCTGCAGGTTCACCTAC,3,C10,Dneasy_PowerSoil,genomic_DNA,Marine_Biofilm,6gmza,Glass,Enclosed,Biofilm,56
6gmzb,CTCCTACTGTCT,CATGATCCTTCTGCAGGTTCACCTAC,3,C11,Dneasy_PowerSoil,genomic_DNA,Marine_Biofilm,6gmzb,Glass,Enclosed,Biofilm,56
6gmzc,GTAAGTCGTGGC,CATGATCCTTCTGCAGGTTCACCTAC,3,C12,Dneasy_PowerSoil,genomic_DNA,Marine_Biofilm,6gmzc,Glass,Enclosed,Biofilm,56
6meza,ACTACAGCCTAT,CATGATCCTTCTGCAGGTTCACCTAC,4,C8,Dneasy_PowerSoil,genomic_DNA,Marine_Biofilm,6meza,Mesh,Water,Biofilm,56
6mezb,CATGGCTACACA,CATGATCCTTCTGCAGGTTCACCTAC,4,C9,Dneasy_PowerSoil,genomic_DNA,Marine_Biofilm,6mezb,Mesh,Water,Biofilm,56
6mezc,TTCAGCGCCCTT,CATGATCCTTCTGCAGGTTCACCTAC,4,C10,Dneasy_PowerSoil,genomic_DNA,Marine_Biofilm,6mezc,Mesh,Water,Biofilm,56
6pezb,ACATCCGCGAAG,CATGATCCTTCTGCAGGTTCACCTAC,4,C7,Dneasy_PowerSoil,genomic_DNA,Marine_Biofilm,6pezb,Pine,Exposed,Biofilm,56
6pmza,CCTAATGGAACC,CATGATCCTTCTGCAGGTTCACCTAC,3,C3,Dneasy_PowerSoil,genomic_DNA,Marine_Biofilm,6pmza,Pine,Enclosed,Biofilm,56
6pmzb,TTCTGGGAACAC,CATGATCCTTCTGCAGGTTCACCTAC,3,C4,Dneasy_PowerSoil,genomic_DNA,Marine_Biofilm,6pmzb,Pine,Enclosed,Biofilm,56
6pmzc,CCATGGACACAG,CATGATCCTTCTGCAGGTTCACCTAC,4,C6,Dneasy_PowerSoil,genomic_DNA,Marine_Biofilm,6pmzc,Pine,Enclosed,Biofilm,56
6teza,AGGATTACTCCG,CATGATCCTTCTGCAGGTTCACCTAC,4,C5,Dneasy_PowerSoil,genomic_DNA,Marine_Biofilm,6teza,Tile,Exposed,Biofilm,56
6tezb,TTATCACGTGCA,CATGATCCTTCTGCAGGTTCACCTAC,3,A10,Dneasy_PowerSoil,genomic_DNA,Marine_Biofilm,6tezb,Tile,Exposed,Biofilm,56
6tmza,GATAGCTGTCTT,CATGATCCTTCTGCAGGTTCACCTAC,3,A11,Dneasy_PowerSoil,genomic_DNA,Marine_Biofilm,6tmza,Tile,Enclosed,Biofilm,56
6tmzb,TGACCGGTCAAT,CATGATCCTTCTGCAGGTTCACCTAC,3,A12,Dneasy_PowerSoil,genomic_DNA,Marine_Biofilm,6tmzb,Tile,Enclosed,Biofilm,56
6tmzc,TACCTCTCAGAA,CATGATCCTTCTGCAGGTTCACCTAC,3,C1,Dneasy_PowerSoil,genomic_DNA,Marine_Biofilm,6tmzc,Tile,Enclosed,Biofilm,56
6tmzd,TTCCGTAGGGAT,CATGATCCTTCTGCAGGTTCACCTAC,3,C2,Dneasy_PowerSoil,genomic_DNA,Marine_Biofilm,6tmzd,Tile,Enclosed,Biofilm,56
6wsza,TGCGGCATCGAA,CATGATCCTTCTGCAGGTTCACCTAC,3,A8,Dneasy_PowerSoil,genomic_DNA,Marine_Biofilm,6wsza,Water,Water,Biofilm,56
6wszb,CTCCTGAAAGTT,CATGATCCTTCTGCAGGTTCACCTAC,3,A9,Dneasy_PowerSoil,genomic_DNA,Marine_Biofilm,6wszb,Water,Water,Biofilm,56
6x1x19a,TTGGGCGTGAAC,CATGATCCTTCTGCAGGTTCACCTAC,4,F5,Dneasy_PowerSoil,genomic_DNA,PML,6x1x19a,,,PML,
6x1x19b,GCTGGGTCATAT,CATGATCCTTCTGCAGGTTCACCTAC,4,D10,Dneasy_PowerSoil,genomic_DNA,PML,6x1x19b,,,PML,
7x6x19a,CCTATCCTTGGC,CATGATCCTTCTGCAGGTTCACCTAC,4,E11,Dneasy_PowerSoil,genomic_DNA,PML,7x6x19a,,,PML,
7x6x19b,ACAATCGGTTGC,CATGATCCTTCTGCAGGTTCACCTAC,4,F1,Dneasy_PowerSoil,genomic_DNA,PML,7x6x19b,,,PML,
Hpeza,CAAGTTTACGGC,CATGATCCTTCTGCAGGTTCACCTAC,3,D2,Dneasy_PowerSoil,genomic_DNA,Marine_Biofilm,Hpeza,HPE,Water,Bridie,
Hpezb,TCGAATCACAGC,CATGATCCTTCTGCAGGTTCACCTAC,4,D5,Dneasy_PowerSoil,genomic_DNA,Marine_Biofilm,Hpezb,HPE,Water,Bridie,
Hpezc,GTCCATAGCTAG,CATGATCCTTCTGCAGGTTCACCTAC,4,D6,Dneasy_PowerSoil,genomic_DNA,Marine_Biofilm,Hpezc,HPE,Water,Bridie,
Petza,ACCTGGGCATTA,CATGATCCTTCTGCAGGTTCACCTAC,4,D1,Dneasy_PowerSoil,genomic_DNA,Marine_Biofilm,Petza,PET,Water,Bridie,
Petzb,ACACAAAGGGAG,CATGATCCTTCTGCAGGTTCACCTAC,3,D10,Dneasy_PowerSoil,genomic_DNA,Marine_Biofilm,Petzb,PET,Water,Bridie,
Petzc,GGTAGGAACAAT,CATGATCCTTCTGCAGGTTCACCTAC,3,D1,Dneasy_PowerSoil,genomic_DNA,Marine_Biofilm,Petzc,PET,Water,Bridie,
Pppza,CGGACGTTCATA,CATGATCCTTCTGCAGGTTCACCTAC,4,D2,Dneasy_PowerSoil,genomic_DNA,Marine_Biofilm,Pppza,PPP,Water,Bridie,
Pppzb,TCATCTGACTGA,CATGATCCTTCTGCAGGTTCACCTAC,4,D3,Dneasy_PowerSoil,genomic_DNA,Marine_Biofilm,Pppzb,PPP,Water,Bridie,
Pppzc,TGTGTGTGACTT,CATGATCCTTCTGCAGGTTCACCTAC,4,D4,Dneasy_PowerSoil,genomic_DNA,Marine_Biofilm,Pppzc,PPP,Water,Bridie,
PVCza,GACGAGTCAGTC,CATGATCCTTCTGCAGGTTCACCTAC,4,A2,Dneasy_PowerSoil,genomic_DNA,Marine_Biofilm,PVCza,PVC,Water,Bridie,
PVCzb,CACCACGGAAAC,CATGATCCTTCTGCAGGTTCACCTAC,4,C11,Dneasy_PowerSoil,genomic_DNA,Marine_Biofilm,PVCzb,PVC,Water,Bridie,
PVCzc,CGTCTGGTTCCT,CATGATCCTTCTGCAGGTTCACCTAC,4,C12,Dneasy_PowerSoil,genomic_DNA,Marine_Biofilm,PVCzc,PVC,Water,Bridie,